https://www.startupact.tn/img/enova.png,"Enova Robotics conçoit, fabrique et commercialise des robots mobiles dans le domaine de la sécurité, la santé et la logistique.

					Site web: www.enovarobotics.eu","Anis Sahbani

Philippe Bidaud

Christophe Grand",Industrie Robotique,Mars 2019, 
https://www.startupact.tn/img/datavora.png,"Startup spécialisée dans l'offre en ligne, Datavora propose une plateforme de veille concurrentielle et tarifaire à grande échelle pour les acteurs du e-commerce.

					Site web: www.datavora.com","Mohamed Hédi Zaher

Oussama Messaoud",ECommerce,Mars 2019, 
https://www.startupact.tn/img/polysmart.png,Nous produisons un jeux de la catégorie Esport de type MOBA de tir (shooter) Top/down view (à la troisième personne) pour plateforme PC.,"Ahmed Cheikhrouhou

Haroun Bouchrit",Gaming,Mars 2019, 
https://www.startupact.tn/img/bws.png,BWS est industriel et opérateur IoT offrant des solutions intégrées de monitoring des objets en temps réel pour l'optimisation énergétique.,"Karim Kharrat

Nizar Ghram

Sofiene Ghram",IOT,Mars 2019, 
https://www.startupact.tn/img/ezzayra.png,"Développement et intégration de produits technologiques destinés a l'agriculture. Software, Hardware et Robotique.

					Site web: www.ezzayra.com",Yasser Bououd,AgTech,Mars 2019, 
https://www.startupact.tn/img/medilsys.png,"Medilsys fournit aux structures hospitalières les solutions les plus innovantes en systèmes d’informations cliniques spécialistes en soins intensifs.

					Site web: www.medilsys.com","Anis Ghorbel

Najmeddine Nouri

Sofiene Ghorbel",IT,Mars 2019, 
https://www.startupact.tn/img/dabchy.png,"Dabchy.com est une marketplace de mode qui permet aux femmes de renouveler leurs gardes-robes en ligne et en toute sécurité.

					Site web: www.dabchy.com","Ghazi Ketata

Ameni Mansouri

Oussama Mahjoub",ECommerce,Mars 2019, 
https://www.startupact.tn/img/vitalight.png,"Laboratoire unique à la frontière entre la biotechnologie marine et formulation soins dermo-cosmétiques naturels&raffinés à l’aide des actifs stabilisés à haute efficacité.

					Site web: www.algovita.tn","Ilyes Gouja

Khaoula ben Slimane",ECommerce,Mars 2019, 
https://www.startupact.tn/img/paypos.png,"Développement de solutions monétiques innovantes et dans la digitalisation des services bancaires et financiers compatibles (PCI-DSS, EMV…).

					Site web: www.paypos.tn",Khatib Chakchouk,FinTech,Mars 2019, 
https://www.startupact.tn/img/nextgen.png,"NextGenCorp est spécialisée dans le développement d’applications mobiles ludo-éducatives et thérapeutiques pour les enfants qui souffrent des troubles d'apprentissage.

					Site web: www.ngcorp.tn","Moez Lachned

Ahmed Nabli",Santé,Mars 2019, 
https://www.startupact.tn/img/nostatik.png,"Symmetryk : Une plateforme d'échange de documents entre le siège, filiales et les équipes sur le terrain.

					Site web: www.nostatikmedia.com","Khaled Frad

Ramzi Mrad",IT,Mars 2019, 
https://www.startupact.tn/img/roam.png,"Roamsmart aide les opérateurs de téléphonie mobile dans la transformation numérique de leur activité roaming a travers des solutions SaaS innovantes.

					Site web: www.roam-smart.com","Walid Chamekh

Mehdi Triki",Télécoms,Mars 2019, 
https://www.startupact.tn/img/ilb.png,"L'objectif d'ilboursa est de développer le média leader et de référence dans le secteur « Eco-Bourse-Finance »

					Site web: www.ilboursa.com","Ismail Ben Sassi 

Rodolphe Villaes",IT,Avril 2019, 
https://www.startupact.tn/img/expensya.png,"Expensya offre l'automatisation de la gestion des notes de frais - worldwide

					Site web: www.expensya.com",Karim Jouini,Fintech,Avril 2019, 
https://www.startupact.tn/img/gomycode.png,"GoMyCode se veut être une plateforme éducative panafricaine qui regroupe les meilleurs talents tech de la région, les forme sur les nouvelles technologies et les connecte avec des projets du numérique à travers le monde.

                    Site web: www.gomycode.tn","Yahya Bouhlel 

Amine Bouhlel",EdTech,Avril 2019, 
https://www.startupact.tn/img/mass.png,"Mass est un fournisseur de solutions logicielles avancées de Marketing analytique, axées sur les outils de Modélisation Mix Marketing.

					Site web: www.mass-analytics.com","Ramla Jarrar 

Firas Jabloun",AI,Avril 2019, 
https://www.startupact.tn/img/kaoun.png,"Sté Kaoun met en place des produits d'identification et d'automatisation afin de rendre les services financiers plus rapides et plus accessibles à tous.

					Site web: www.kaoun.com","Nebras Jemel

Anis Kallel

Rostom Bouazizi",Fintech,Avril 2019, 
https://www.startupact.tn/img/apprentus.png,"Apprentus est une place de marché qui innove dans les mises en relation entre les professeurs particuliers et leurs futures élèves.

					Site web: www.apprentus.com","Gaetan Deremince

Marius Andra",EdTech,Avril 2019, 
https://www.startupact.tn/img/bus.png,"Bus Software offre un nouveau dispositif de perception sur le transport public avec un SAEIV (Systèmes d’Aide à l’Exploitation et d’Information des Voyageurs).

					Site web: www.winicari.tn","Amor Sahnoun

Makrem Erguez",IoT,Avril 2019, 
https://www.startupact.tn/img/methania.png,"Methania est spécialisée dans la conception, industrialisation, fabrication et installation des solutions de micro méthanisation et micro cogénération,ingénierie et construction des installations clé en main de Méthanisation.

					Site web: www.methania.com",Selim Kanzari,Energie,Avril 2019, 
https://www.startupact.tn/img/wattnow.png,"Wattnow propose une solution IoT de monitoring et de controle d’électricité, qui permet aux entreprises de réduire le gaspillage et améliorer leur efficacité énergétique

					Site web: www.wattnow.io",Issam Smaali,IoT,Avril 2019, 
https://www.startupact.tn/img/TechAccessibility.png,"TechAccessibility est spécialisée dans la création de solutions informatiques innovantes pour tous.

					Site web: www.techaccessibility.com",Nour Ben Yahia,AI,Avril 2019, 
https://www.startupact.tn/img/Taysir.png,"Taysir Solutions Tunisia, fournisseur de plateforme pour les agences de voyage à travers le monde. On a trois logiciels qui sont utilisés pour la gestion des visas, gestion de billetterie et réservation d'hôtel.

					Site web: www.taysirsolutions.com","Fakhreddine Hachfi

Mohamed Belghith",AI,Avril 2019, 
https://www.startupact.tn/img/uniq.png,"UniQ Soft Technology: Conception et Développement d'un système d'information financière UniQ doté d’un moteur Comptable capable de résoudre les problèmes de reporting et de comptabilité les plus complexes dans le secteur bancaire.

					Site web: www.uniqfst.com",Bechir Yakhlef,AI,Avril 2019, 
https://www.startupact.tn/img/armani.png,"Armani Arabic Academy propose des nouvelles techniques d'apprentissage de la langue arabe pour les enfants en utilisant les techniques de jeu et d'exercices interactifs.

					Site web: www.armaniarabicacademy.com",Salwa Armani,EdTech,Avril 2019, 
https://www.startupact.tn/img/Dqlick.png,"Dqlick est une insurtech spécialisée dans la digitalisation et la transformation numérique dans le domaine de l’assurance des personnes.

					Site web: www.dqlick.com",Hamdi Bouslah,Insurance Tech,Avril 2019, 
https://www.startupact.tn/img/knsd.png,"KNSD est une agence de communication digitale qui développe un produit/service de veille et monitoring sur les réseaux sociaux en SAAS.

					Site web: www.knsd.digital","Ali Boulila

Kais Ezzine",Big Data,Avril 2019, 
https://www.startupact.tn/img/medCretech.png,"MedCretech propose une application Blockchain pour tracer et fluidifier le cycle de vie des biens immobiliers.

					Site web: www.medcretech.com",Nacef Bouzguenda,Blockchain & Cryptocurrency,Avril 2019, 
https://www.startupact.tn/img/Novel-Ti.png,"IoT, AI et Robotics.Nous avons un produit IoT pour la localisation de robots indoor, et un jeux d'enfant éducatif pour les inciter à bouger.

					Site web: www.novelti.com.tn","Zied Loukil

Ferdouas Masmoudi",AI,Avril 2019, 
https://www.startupact.tn/img/peak.png,"PEAK Technologies est spécialisée dans le développement des solutions de gestion et de contrôle des opérations transactionnelles basée sur les technologies Blockchain.

					Site web: www.peak-cs.com","Moslem Ben Dhaou

Bilel Methnani",Fintech,Avril 2019, 
https://www.startupact.tn/img/smartclean.png,"A tech company that produces electric bicycles. We design, engineer and produce high-end electric bicycles with amazing technology and performance.",Mourad Bouabdallah,Cleantech,Avril 2019, 
https://www.startupact.tn/img/Tadeco.png,"Tadeco It a développé une plateforme cloud de gestion de flotte automobile.

					Site web: www.tadeco-group.tn",Aymen Talbi,ECommerce,Avril 2019, 
https://www.startupact.tn/img/TechAbility.png,"TechAbility propose une solution de monitoring de l'énergie basée sur l'intelligence artificielle qui permettra aux clients de faire des économies sur leurs factures d'électricité.

					Site web: www.techability.tn","Dorra Kammoun

Oussama Romdhane",IoT,Avril 2019, 
https://www.startupact.tn/img/SmartMobility.png,"Nous développons des solutions répondant aux besoins des entreprises dans la gestion de la mobilité de leur personnel.

					Site web: www.smartmobility-solutions.com",Mokhles Masmoudi,IoT,Avril 2019, 
https://www.startupact.tn/img/Educanet.png,"Educanet a développé un système d'information pour les établissements éducatifs: du primaire à l'université. ERP complet pour l'établissement du pédagogique à la comptabilité et aux déclarations en ligne.

					Site web: www.educanet.tn",Anis Arbia,EdTech,Avril 2019, 
https://www.startupact.tn/img/Study.png,"Study.tn is a Tunisian e-learning platform that brings the best to teach the masses through high-quality video-based courses.

					Site web: www.study.tn","Nidhal Abidi

Nadhir Abidi

Mohamed Salim Hadrich

Saif Hamdawi",EdTech,Avril 2019, 
https://www.startupact.tn/img/TMR.png,"LE PORTAIL TMR est un portail pour le service et l'exploitation, c'est une solution de marketing digital qui aide les entreprises à mieux se référencer.

					Site web: www.tmr.tn","Amel Besbes

 Kais Laaribi",Marketing,Avril 2019, 
https://www.startupact.tn/img/ESAT.png,"ESAT est une société spécialisée dans le prototypage des cartes électroniques.

					Site web: www.esat.tn",Mohamed Sellaouti,IoT,Avril 2019, 
https://www.startupact.tn/img/INOTEK.png,"Conception et production d'objets connectés et le développement de leurs logiciels spécifiques (web, mobile, embarqué...) pour notre compte ou pour autrui.

					Site web: www.inotek.tn","Mehdi Mazlout

Anis Messaoud

Mohamed Walid Sghari",IoT,Avril 2019, 
https://www.startupact.tn/img/Paymee.png,"Développement des solutions de paiement mobile et des passerelles de paiement en ligne.

					Site web: www.paymee.tn",Marwen Amamou,Fintech,Avril 2019, 
https://www.startupact.tn/img/HealthcareAnywhere.png,"PortailWEB + AppliMobile pour particuliers WorldWide, l'objectif est de digitaliser et gérer ses propres données santé (Medical Records) de manière inédite, sécurisée, anywhere Réseau social mondial spécialisé santé.","Fadoua Ben Rejeb Ouerdiane

Imed Elabed",Health Tech,Avril 2019, 
https://www.startupact.tn/img/Tunooms.png,"Tunrooms est une plate-forme de location de logements meublés pour courte ou longue durée, adaptée à tous types de séjours et avec paiement en ligne.

					Site web: www.tunrooms.com","Mohamed Ali Lafif

Chokri Oueslati",ECommerce,Avril 2019, 
https://www.startupact.tn/img/Galactech.png,"Galactech offre aux opérateurs de téléphonie mobile une variété de services à valeur ajoutée de haute qualité et un contenu riche et varié.

					Site web: www.galactechstudio.com",Houcem Maiza,Telecom,Avril 2019, 
https://www.startupact.tn/img/Domodar.png,"Domodar est spécialisée dans le développement, conception et fabrication de solutions complètes pour la domotique sans fil et le Smart Farming.

					Site web: www.domodar.net","Rochdi Zaghdane

Walid Dhifallah",IoT,Avril 2019, 
https://www.startupact.tn/img/Vynd.png,"Vynd est une application mobile de découverte et réservation de restaurants avec un objectif de fournir une plateforme intégrée qui digitalise les activités des restaurants.

					Site web: www.vynd.com","Adam Chebbi

Khalil Ben Hamouda",Mobile,Avril 2019, 
https://www.startupact.tn/img/echo.png,"ECHO innove dans le domaine digital autour d'une plateforme en ligne garantissant le dessin et certification des aménagements cabines des avions.

					Site web: www.echo.aero",Amine Laaroussi,IT,Mai 2019, 
https://www.startupact.tn/img/takia.png,"Nous enseignons toutes les matières  pour les élèves de la 5ème année primaire au bac.

					Site web: www.takiacademy.com",TakiEddine Ben Messaoud,EdTech,Mai 2019, 
https://www.startupact.tn/img/instadeep.png,"InstaDeep propose des solutions IA pour l'entreprise et des produits IA d'aide à la décision pour plusieurs secteurs tels que la logistique et la mobilité.

                    Site web: www.instadeep.com","Karim Beguir  

Zohra Slim",AI,Mai 2019, 
https://www.startupact.tn/img/monresto.png,"Monresto est une plateforme de logistique de dernier kilomètre mettant en relation les clients avec leurs restaurants favoris à travers des livreurs indépendants. Elle permet également à des commerces de proximité et sites ecommerce d'utiliser notre réseau de livreurs pour envoyer leurs colis aux clients.

					Site web: www.monresto.net","Sami Tounsi  

Zied Ouerdani",Ecommerce,Mai 2019, 
https://www.startupact.tn/img/swiver.png,"Swiver est un ERP en  mode SAS destiné aux TPE et PME pour digitaliser leur process de gestion financière

					Site web: www.swiver.io","Hichem Radoine

 Azzam Souelmia",Fintech,Mai 2019, 
https://www.startupact.tn/img/lifeye.png,"La vision de Lifeye est de combler les écarts entre les éleveurs, les vétérinaires, les institutions financières, les assureurs, les sociétés pharmaceutiques animales, les organisations gouvernementales et les ONG avec deux solutions, MooMe et VetoMe.

					Site web: www.lifeye.io","Ahmed Ben Achballah

Bassem Boujelben

Zied Chabchoub

Tarek Blaiech

AMohamed Kallel

Achraf Chabbouh

Ahmed Ben Said

Rateb Jabbar",Agritech,Mai 2019, 
https://www.startupact.tn/img/actifsprecieux.png,"Nous  développons, produisons et commercialisons des ingrédients actifs , formulés et objectivés, obtenus uniquement à partir de matières premières naturelles.

					Site web: www.actifsprecieux.com","Hedi Derouiche

Hajer Derouiche",BioTech,Mai 2019, 
https://www.startupact.tn/img/neopolis.png,"Développe en offshore et Edition de  solutions de digitalisation et de robotisation  destinés au secteur des assurances et banques.

					Site web: www.neopolis-dev.com","Achraf Khelil

Jacques-Yves Foucou",Insurance Tech,Mai 2019, 
https://www.startupact.tn/img/newgen.png,"NewGen est une startup spécialisée en développement de jeux Videos. Nous avons commencé au début a faire des jeux de réalité virtuel et augmenté comme des produit de service ensuite nous nous sommes concentré a créer notre propre produit (jeu) pour le vendre à l'international.

					Site web: www.newgen-studio.com",Seifeddine Ben Hamouda,Gaming,Mai 2019, 
https://www.startupact.tn/img/medtn.png,"Med.tn est une plateforme de prise de rendez vous, annuaire médical et téléconsultation.

					Site web: www.med.tn","Issam Bellaj

Aymen Turki

Emna Jellouli",Plateforme Sociale,Mai 2019, 
https://www.startupact.tn/img/9arini.png,"www.9arini.tn est une conciergerie de mise en relation entre des formateurs dans différents domaines et des demandeurs de formations diverses et variées.

					Site web: www.9arini.tn","Kais Assali

Anis Wahabi",EdTech,Mai 2019, 
https://www.startupact.tn/img/fouta.png,"FOUTA TUNISIA  est leader de la Fouta Tunisienne artisanale. Parmi les sociétés les plus représentatives du produit sur le marché mondial. Ce produit typiquement Tunisien a été mis au gout du jour et a fait sa place sur le marché international du textile.

					Site web: www.foutatunisia.com",Zied Beldi,Ecommerce,Mai 2019, 
https://www.startupact.tn/img/stbi.png,"Production de bornes interactives et programmation des logiciels afférents: systèmes intelligents de gestion des files d'attente, systèmes d'affichage dynamique et déploiement de wifi communautaires.

					Site web: www.stbi-tunisia.com",Sofiene Horrigue,Autre contenu créatif,Mai 2019, 
https://www.startupact.tn/img/wecode.png,"WeCode Land développe des formation en économie numérique pour faire face à l'inactivité économique des jeunes et accompagner la transition digitale dans la région.

					Site web: www.wecode.land","Wala Kasmi

Mohamed Ali Boumiza",EdTech,Mai 2019, 
https://www.startupact.tn/img/seemba.png,"Seemba est une solution de monétisation de jeux videos, offrant au développeurs de jeux une alternative au publicité, plus rentables et plus addictives pour les joueurs.

					Site web: www.seemba.com","Slim Ben Nasrsallah 

Jacer Omri

Mohamed Ben Hadj Aissa

Jihed Bibani",Gaming,Mai 2019, 
https://www.startupact.tn/img/safozi.png,"SAFOZI est le premier fournisseur régional des services d'nfrastructure TIC, tels que, les serviecs d'hébergement et les serveurs Cloud (Public Cloud: IaaS et PaaS).

					Site web: www.safozi.com",Zied Ouled Ali,EComerce,Juin 2019, 
https://www.startupact.tn/img/siteflow.png,"SiteFlow est une solution SaaS qui digitalise la préparation et le suivi d'intervention sur les chantiers de construction et de maintenance industrielle complexes.

					Site web: www.siteflow.fr","Samed Jalouali

Timothe Piette

Etienne Barrault

Louis Hauvette",Logiciel,Juin 2019, 
https://www.startupact.tn/img/Fabskill.png,"FABSKILL offre aux recruteurs une plateforme web pour la gestion digitalisée des processus de recrutement en utilisant les nouvelles technologies et l'intelligence artificielle.

                    Site web: www.fabskill.com","Sofiene Mabrouk

Bechir Afifi

Mohamed BenSfar",HR,Juin 2019, 
https://www.startupact.tn/img/BioIntrants.png,"BioIntrants Technologie est une Unité de production industrielle d’intrants destinés à l’agriculture conventionnelle et biologique qui s’imprègne d'une politique de fertilisation raisonnée plus respectueuse de la nature et des hommes.

					Site web: www.switchmed.eu","Yassine Ben Menadi

Chedly Ben Menadi",BioTech,Juin 2019, 
https://www.startupact.tn/img/NextProtein.png,"NextProtein produces insect-based protein for animal feedstocks in a quest to accelerate sustainable agriculture and tackle resource scarcity.

					Site web: www.nextprotein.co","Mohamed Gastli 

Syrine Chaalala",Agritech,Juin 2019, 
https://www.startupact.tn/img/Dataera.png,"Accompagner les entreprises dans la maîtrise, l’analyse et la visualisation de leurs données. Les aider à valoriser leur capital informationnel pour accroître leurs revenus et la performance globale à l’aide des nouvelles technologies de Big Data et Data Analytics.

					Site web: www.data-era.co","Hedi Zouari 

Maher HENI",Big Data,Juin 2019, 
https://www.startupact.tn/img/tawtaw.png,"Application de cuisine maison en livraison. Des plats mijotés avec des ingrédients frais et de saison commandables en 3 clics et livrés en 35 minutes.

					Site web: www.tawtaw.co","Aziz BenChedli

Mahmoud Derouiche

Ahmed Selmi",ECommerce,Juin 2019, 
https://www.startupact.tn/img/MajestEye.png,"Nous développons notre propre technologie d'analyse prédictive qui permet à nos clients de passer à un data driven business model.

					Site web: www.majesteye.com","Bechir Ennaifer

Jihed Hannachi  

Rabie Saidi

Soufien Ben Hamza

Khaled Oueslati

Mohamed Alibi

Khouloud Ben Ammar

Abir Guettiti

Chayma Sakouhi

Wissem Inoubli",AI,Juin 2019, 
https://www.startupact.tn/img/Herundo.png,"Herundo fournit des solutions de bout-en-bout aux entreprises pour le lancement de leur activité e-commerce en local et à l’international, avec une expérience client réussie.

					Site web: www.herundo.com","Nizar Bouguila

Becem Jallouli

Mohamed Boujelbane",ECommerce,Juin 2019, 
https://www.startupact.tn/img/Senietna.png,"Seniatna est une marque engagée de produits agroalimentaires aidant les ménages tunisiens à retrouver le goût authentique grâce à la collaboration avec des producteurs indépendants.

					Site web: www.seniatna.com",Neil Boussofara,Logistique,Juin 2019, 
https://www.startupact.tn/img/Deepera.png,"DEEPERA est une FinTech. Son objectif est de démocratiser la finance en offrant de l’«Investment advisory for everyone !» grâce à des modèles d'IA.

					Site web: www.deepera.ai","Faouzi Moussa

Mustapha Boughzou",FinTech,Juin 2019, 
https://www.startupact.tn/img/aliendimension.png,"Junior Network est une startup technologique spécialisée dans l’éducation immersive en présentant des solutions de réalité augmentée: Alien Dimension et Tunisia Reborn.

					Site web: www.aliendimension.com","Sahar ben Rached

Zeineb Chabchoub

Oussema Ksontini",EdTech,Juin 2019, 
https://www.startupact.tn/img/Insight.png,Insight+ a conçu et développé la première application cloud de change manuel (BBE) en Tunisie dédiée aux bureaux de change.,"Adel Jenni

Imed Kouki

Mohamed Ali Jenni

Hamdi Mezoughi

Sabri Ameri",FinTech,Juin 2019, 
https://www.startupact.tn/img/sobflous.png,"Sobflous est un porte-monnaie électronique (web et mobile) qui offre aux utilisateurs les services de recharge téléphonique, transfert d'argent, paiement marchands et paiement factures.

					Site web: www.sobflous.tn",Mohamed Taher Hammami,FinTech,Juin 2019, 
https://www.startupact.tn/img/Asklepios.png,"Asklepios est un compagnon médical permettant au patient de communiquer ses informations médicales à son médecin pour l'optimisation thérapeutique de ses maladies.

					Site web: www.asklepios.io","Marwen Badri

Youssef El Behi",HealthTech,Juin 2019, 
https://www.startupact.tn/img/transin_smartin.png,"SmartIN est une AssurTech qui propose des solutions innovantes pour l’enrichissement et l’amélioration des services dans le secteur des assurances.

					Site web: www.smartin.com.tn",Wahid Mnasri,Insurance Tech,Juillet 2019, 
https://www.startupact.tn/img/catrim.png,"Catrim Développe des solutions innovantes pour les salles de marchés des banques d'investissement.

					Site web: www.catrimtech.com","Mohamed Amine Ghorbel

Becem Ben Mustapha",Fintech,Juillet 2019, 
https://www.startupact.tn/img/edonec.png,"Oeuvrant dans l'IT, EDonec offre une solution mobile de gestion et de suivi de développement pour les jardins d'enfants et les parents.

					Site web: www.edonec.com","Nader Zouari 

Zakaria Hatira",Edtech,Juillet 2019, 
https://www.startupact.tn/img/avempace.png,"Grâce à son expertise pointue en IoT et sa technologie innovante ViziaLive, Avempace se positionne comme leader des technologies embarquées pour la communication en temps réel.

					Site web: www.avempace-wireless.com","Haythem Boughzala

Abdelhamid Kerkeni",IOT,Juillet 2019, 
https://www.startupact.tn/img/niwees.png,"Niwees est une application mobile spécialisée en marketing digital.

					Site web: www.niwees.com",Abdallah NAJAH,Marketing,Juillet 2019, 
https://www.startupact.tn/img/arsela.png,Arsela vise à développer des plateformes intelligentes qui contribuent à l'amélioration de la qualité de vie de ses utilisateurs.,"Ines Hafi

Achref Ben Ouannes

Ahmed Ben Zineb",AI,Juillet 2019, 
https://www.startupact.tn/img/coaching-foot.png,"Coaching Foot est la première plateforme de jeu de Fantasy Football en Afrique et le seul fournisseur de statistiques footballistiques Tunisien.

					Site web: www.coaching-foot.com","Ahmed Adala

Kheireddine Fradj

Hussein Jenayah",E-commerce,Juillet 2019, 
https://www.startupact.tn/img/aromair.png,"La Société AROM R SARL est spécialisée dans la fabrication des diffuseurs de parfum à usage professionnel et domestique.

					Site web: www.arom-air.com",Ellyes Chakroun,IoT,Juillet 2019, 
https://www.startupact.tn/img/rahba.png,"Rahba.tn est un espace en ligne dédié aux professionnels de l’industrie agricole. On peut y trouver tous les produits et équipements neufs ou d'occasion.

					Site web: www.rahba.tn",Mahmoud Aboulrob,Agritech,Juillet 2019, 
https://www.startupact.tn/img/devolution.png,"Devolution est une société qui crée des applications éducatives.

					Site web: www.devolution-studio.com","Hidayet Ayadi

Seifeddine Ben Achour

Oualid Khayatti

Oussema Maatouk",EdTech,Juillet 2019, 
https://www.startupact.tn/img/aseptika.png,"Il s'agit d'un laboratoire dermo-cosmétique certifié qui veut digitaliser les cosmétiques naturels par un diagnostic de peau en ligne.

					Site web: www.aseptika-lab.com","Selima Zaouali

Aziz Zaouali",E-commerce,Juillet 2019, 
https://www.startupact.tn/img/faavly.png,"faavly est le premier réseau social de football qui permet aux fans & amoureux du jeu de suivre et pratiquer leurs sport favori.

					Site web: www.faavly.com",Mohamed Amine Grichi,Plateforme sociale,Juillet 2019, 
https://www.startupact.tn/img/universa-hub-africa.png,"Universa est une nouvelle génération de blockchain en tant que registre coopératif des changements d'état, effectuée par des nœuds sous licence et de confiance, et est capable de gérer des milliers ou des dizaines de milliers de transactions par seconde (± 20 000TPS).

					Site web: www.universacommunity.com","Omar Bouattay

Alexandre Borodich",Blockchain & cryptocurrency,Juillet 2019, 
https://www.startupact.tn/img/incept.png,"Incept conçoit des solutions de transformation digitale intégrant des technologies de pointe telles que la réalité augmentée, les systèmes connectés (IoT) et les dispositifs interactifs.

					Site web: www.incept.tn",Sofiene Chaieb,Mobile,Juillet 2019, 
https://www.startupact.tn/img/industry-X0.png,"Industry X.0 offre aux industries des solutions technologiques (Iot) et informatiques basées sur l'intelligence artificielle permettant de maîtriser le Product Life-cycle Management.

					Site web:  https://www.industryx0.pro","Bilel Labidi

Med Abdel Aziz Battikh",Logiciel,Juillet 2019, 
https://www.startupact.tn/img/evocraft.png,EVOCRAFT est une startup technologique qui fabrique des solutions robotiques didactiques moyennant les dernières technologies de fabrications tels que l’impression 3D et le découpage Laser.,"Ali Belhaj Zahi

Haythem Dabbabi

Imen Hajji",Robotique,Août 2019, 
https://www.startupact.tn/img/smartfarm.png,"Smart Soft PRO est une société d’ingénierie spécialisée dans le développement de solutions technologiques sur mesure spécialement au secteur agricole basées sur l’IoT. Software, Hardware, Robotique et Drone.


					Site web: https://smart-farm.sspro.tn","Bechir Ben Brika

Hamza Khechine",Agritech,Août 2019, 
https://www.startupact.tn/img/healup.png,"Healup is aiming to improve patient adherence to treatment and reduce the cost of medication.


					Site web: https://www.gethealup.com/","Issam Ezzeddine

Imed Ezzeddine

Badi Bouteraa",Health tech,Août 2019, 
https://www.startupact.tn/img/moovobrain.png,"Moovobrain fabrique des systèmes de pilotage intelligents pour des chaises roulantes électriques destinées aux personnes qui ne peuvent pas utiliser leurs membres supérieurs.



					Site web: https://www.gewinner.tn/","Khaoula Ben Ahmed

Syrine Ayari

Ghofrane Ayari

Souleima Ben Temim",Health tech,Août 2019, 
https://www.startupact.tn/img/dataperformers.png,"Dataperformers est une entreprise d’intelligence artificielle appliquée ayant comme spécialité l’analyse prédictive et la vision numérique (computer vision).
					            

							Site web: http://www.dataperformers.com",Mehdi Merai,AI,Août 2019, 
https://www.startupact.tn/img/appro.png,"Appro.Tn est une plateforme en ligne qui permet aux commerçants de passer des commandes a tous leurs fournisseurs avec l'assistance d'une intelligence artificielle
					            

							Site web: https://www.appro.tn","Slim Amamou

Nabegh Bechir Hatira

Hassen Marzouki",Logistique,Août 2019, 
https://www.startupact.tn/img/foundpad.png,"FoundPad provide products & services that help founders, product managers, investors, accelerators, incubators, and innovative organizations streamline their process.
					            

							Site web: https://foundpad.com","Mehdi Nakouri

Hazem Mhiri",Autre contenu créatif,Août 2019, 
https://www.startupact.tn/img/kapty.png,"KAPTY offre une solution de mise en relation entre les chauffeurs de Taxi et leurs clients qui leur permet d’optimiser leur temps et leur budget.
					            

							Site web: https://www.kapty.net/","Amine Allah Manai

Khaled Dridi",Logistique,Août 2019, 
https://www.startupact.tn/img/oto.png,"OTO est une société de services de transports automobiles de particuliers via une application mobile avec chauffeur privé et traitement VIP.
					            

							Site web: http://www.oto.tn","Elyes Elloumi

Ali ABid",Autre contenu créatif,Août 2019, 
https://www.startupact.tn/img/ideal-conception.png,"IDEAL CONCEPTION est une jeune société TUNISIENNE qui s'est spécialisée dans le développement des applications spécifiques et des sites web avec des produits inédits et innovants dans le domaine de la Biologie Médicale tel que WEBOLABO et BOXYLAB  
					            

							Site web: https://www.idealconception.com",Mehdi Zaabar,Health tech,Août 2019, 
https://www.startupact.tn/img/icompass.png,"ICOMPASS mesure l'opinion perçue sur le digital : Rapports en temps réel fourni par un modèle DeepLearning. Le modèle comprend les dialectes arabes et africains.
					            

							Site web: https://icompassconsulting.home.blog","Ahmed Nouisser

Mohamed Hatem Haddad",AI,Août 2019, 
https://www.startupact.tn/img/dream-ecommerce.png,"Edream est une plateforme e-commerce qui vous permet de vendre nos produits à votre réseau et toucher des commissions sur chaque vente en ligne.
					            

							Site web: www.edream.tn","Kacem Ghozzi

Nebyl Ben Attia

Anes Sammari

Mehdi El Ayadi",Ecommerce,Août 2019, 
https://www.startupact.tn/img/vsober.png,"Vsober est une application de distraction en réalité virtuelle qui réduit la douleur des enfants pendant les procédures médicales.
					            

							Site web: http://vsober.fr/","Syrine Boudriga

Mohamed Ala eddine Ben Trad",Health Tech,Août 2019, 
https://www.startupact.tn/img/simarl.png,"SIMARL est spécialisée dans l'administration des résolutions des litiges : consultation, organisation, promotion des modes alternatifs de règlement des conflits...
					            

							Site web: http://simarl.tn","Kaouther Selmi

Khalil Ben Salah",Autre contenu créatif,Août 2019, 
https://www.startupact.tn/img/historio.png,"HISTORIO  is working on the enhancement of heritage throught technology and gaming. We make history accesible and fun using gaming and augmented reality.
					            

							Site web: http://www.historioo.com","Youssef Boufaied

Mustapha Gharbi

Marwen Sami

Skander Amor",Gaming,Août 2019, 
https://www.startupact.tn/img/nachdit.png,"Plugin (NACHD-UMS : NACHD University Management System) qui sert à mettre en place rapidement des plateformes universitaires avec synchronisation automatique des services avec les ERP
					            

							Site web: http://www.nachd-it.com","Ahmed Ben Hssouna

Nourhane Amara",Logiciel,Août 2019, 
https://www.startupact.tn/img/evey.png,"Evey est une plateforme qui aide les particuliers, les organisations intermédiaires, la sté civile, les municipalités, les agences d’événementiel à organiser leurs événements et à engager leurs audiences en temps réel, simplement et efficacement. Du badging au reporting en «one stop shop »
					            

							Site web: http://eveytech.com/","Noomane Lahimer

Maher Hanafi",Plateforme Sociale,Août 2019, 
https://www.startupact.tn/img/sciencia.png,"Sciencia est spécialisée dans la vulgarisation Scientifique et Technologique, la création de contenu, la création de kits éducatifs (Sciences & Technologies), l'animation d'ateliers, la formation et l'équipement des formateurs externes
					            

							Site web: http://www.sciencia.tn/","Latifa El Ghezal

Mohamed Jaidane",Edtech,Août 2019, 
,"AYSHEK est un site e-commerce de vente de produits tunisiens alimentaires, artisanaux et de terroir dans le monde entier.
					            

							Site web: https://www.ayshek.com","Amine Dimassi

Mohamed Amine Baatout", ,Août 2019, 
https://www.startupact.tn/img/digismartsolutions.png,"Digismart solutions offre des solutions IoT et IA pour une gestion intelligente des bassins. Controle et maitrise des bassins à distance en temps réel« any where & any time""","Afef Bohli

Sami Tabbane",IoT,Août 2019, 
,"Kidsbook est une plateforme pour la communication, l'échange d'informations et le suivi du développement des enfants en école primaire, dédiée à l'administration, les enseignants, parents.
					            

							Site web: http://kidsbooksolution.com/","Belkhir Mohamed Nadhir

Hafedh Dziri",EdTech,Août 2019, 
https://www.startupact.tn/img/videsys.png,"Videsys est une platforme de distribution de contenu video avec insertion dynamique de publicité vidéo.
					            

							Site web: https://www.videsys.com","Abdelaziz Ktari

Walid Messaoudia",Media,Août 2019, 
,"Saheelha est un réseau sociale médicale qui permet d’offrir certains services pour les médecins et les patients .
					            

							Site web: http://www.saheelha.com",Abidi Marwen,Big Data,Août 2019, 
https://www.startupact.tn/img/digimoov.png,"Digimoov propose des formations en ligne certifiées par le RNCP ( Répertoire national certifications professionnelles) à destination des nouveaux métiers.
					            

							Site web: www.digimoov.fr","Nasreddine  Cherih

Marouane El Bahi",Autre contenu créatif,Août 2019, 
https://www.startupact.tn/img/getpay.png,"GETPAY est une plateforme de payment adossée a des marketplaces marchandes.
					            

							Site web: www.astontechnologies.tn","Slim Moalla

Salma Moalla

Fares Bouguecha",Fintech,Septembre 2019, 
https://www.startupact.tn/img/blackdunestudio.png,"Black Dune Studio produit un contenu éducatif s'appuyant sur la réalité virtuelle et augmentée.
					            

							Site web: www.blackdunestudio.com",Mohamed Ali Hammami,Edtech,Septembre 2019, 
https://www.startupact.tn/img/fixiha.png,"Fixiha.tn est une marketplace spécialisée dans les produits de bricolage et de jardinage pour professionnels et particuliers.
					            

							Site web: www.fixiha.tn",Ahmed Ben Said,E-commerce,Septembre 2019, 
https://www.startupact.tn/img/domservices.png,"Dom Services est une application qui connecte des entreprises ou ménages à différentes offres de services d'entretien et de maintenance.
					            

							Site web: www.dom2030.com",Khaled Dhifallah Ennefii,E-commerce,Septembre 2019, 
https://www.startupact.tn/img/idara.png,"« Idara.tn » est une plateforme web et mobile qui explique toutes les procédures administratives facilitant ainsi le quotidien des Tunisiens.
					            

							Site web: idara.tn","Jelassi Mohamed Amine

Baklouti Bassem

Ben Salah Slim

Nouri Houssem Eddine",Plateforme sociale,Septembre 2019, 
https://www.startupact.tn/img/teskerti.png,"Teskerti.tn est une solution de billetterie électronique pour la vente de tickets en ligne, création de badges électroniques et gestion digitale des accès.
					            

							Site web: www.teskerti.tn",Karim Jelliti,E-commerce,Septembre 2019, 
https://www.startupact.tn/img/thelandlord.png,"The Landlord est une conciergerie All-Inclusive en ligne spécialisée dans la location courte durée.
					            

							Site web: www.thelandlord.tn",Mohamed Farouk Ben Achour,E-commerce,Septembre 2019, 
https://www.startupact.tn/img/iwassel.png,"Iwassel, Uber de la livraison, est une plateforme logistique qui connecte les e-commerces et les consommateurs pour une livraison en Point Relais.
					            

							Site web: www.iwassel.tn","Yasmine Dahloul

Sarra Khemakhem

Firas Rhaiem",Logistique,Septembre 2019, 
https://www.startupact.tn/img/bneutron.png,"BeNeutron est une plateforme de vente de cours éducatifs en ligne dans le domaine de l'IT.
					            

							Site web: beneutron.com","Zaroui Montasar

Mannai Karim",Edtech,Septembre 2019, 
https://www.startupact.tn/img/epilert.png,"Epilert conçoit un bracelet de détection, monitoring et prédiction des crises d’épilepsies en utilisant l'intelligence artificielle.
					            

							Site web: epilert.io","Firas Rhaiem

Haroun Moula

Amine Riahi",Healthtech,Septembre 2019, 
https://www.startupact.tn/img/trustit.png,"Trustit est une plateforme Web pour la mise en relation des utilisateurs en besoin de service innovant de réparation de téléphonie mobile et de professionnels de confiance.
					            

							Site web: www.trustit.tn",Mohamed Amine Ouni,Marketplace,Septembre 2019, 
https://www.startupact.tn/img/farmtrust.png,"Farm Trust est une plateforme de E-Commerce qui vend des produit frais, contrôlé et traçable directement de la ferme au client final.
					            

							Site web: www.farm-trust.com","Anis Mezghani

Wassim Khiari",Marketplace,Septembre 2019, 
https://www.startupact.tn/img/Gofield_Logo_HD.png,"Gofield propose via sa solution """"Winshot"""" une application web et mobile qui automatise et externalise le merchandising terrain et fourni en temps-réel des analytiques mix marketing pour une exécution optimisée des articles référencées en points de vente.
                      

              Site web: www.winshot.net","Walid Mzoughi
Hela Gabsi
Alaa Mokrani",AI,Septembre 2019, 
https://www.startupact.tn/img/Wantotrip-LogoGreen.png,"Wantotrip est une plateforme qui permet aux voyageurs de vivre des expériences atypique en compagnie de leur blogueur / influenceur préféré
                      

              Site web: www.wantotrip.net","Makrem Hermassi
Chahrazed Remadi",Ecommerce,Septembre 2019, 
https://www.startupact.tn/img/technologia_academy.png,"Technologia Academy donne l'opportunité à ses utilisateurs d'apprendre en ligne la programmation , 
le management et le marketing à travers des cours filmés, des supports écrits et des tutoriels vidéo mais aussi
des exercices autocorrectifs .",Mohamed Amine Hlali,Edtech,Septembre 2019, 
https://www.startupact.tn/img/fivepoints.png,"Five points la prochaine génération de talents IT grâce à un bootcamp intensif en immersion et, construit une communité & des outils qui rapprochent les meilleurs talents des startups ambitieuses et innovantes
					            

							Site web: www.fivepoints.tn","Wassim Jouini

Mohamed Fares Oueslati",EdtTech,Octobre 2019, 
https://www.startupact.tn/img/datavision.png,"Datavision est une solution de tracking de l'experience visiteur en temps réel offrant des recommandations d'amélioration pour les points de vente, les malls et les agences publicitaires

					            

							Site web: www.datavision.company","Skander Amor

Borhen Jlidi",AI,Octobre 2019, 
https://www.startupact.tn/img/resrv.png,RESRV est un logiciel qui permet aux Restaurateurs de gérer leurs réservations et de fidéliser leurs clientèles en toute simplicité : sans commission ni intermédiaire,"Ahmed Taktak

Nabil Gazdar",Logiciel,Octobre 2019, 
https://www.startupact.tn/img/neptunemosaic.png,"NEPTUNE MOSAIC est spécialisée dans la production de coffrets de jouets en Mosaique à partir de pierres Naturelles
					            

							Site web: www.neptunemosaic.com",Zied Abbes,Autre contenu créatif,Octobre 2019, 
https://www.startupact.tn/img/taderok.png,"Taderok une maison d'édition de livres éducatifs intelligents propulsés par la technologie mobile

					            

							Site web: www.taderok.com","Ahmed Dhieb

Anoir Dhieb",EdTech,Octobre 2019, 
https://www.startupact.tn/img/intigow.png,"Intigrow est une plateforme digitale offrant les services de mobilité, de logistique et de m-payment

					            

							Site web: www.intigo.tn",Nebil Jridet,Logistqiue,Octobre 2019, 
https://www.startupact.tn/img/artify.png,"Artify est une plateforme de vidéos à la demande spécialisée dans le cinéma tunisien

					            

							Site web: www.artify.tn",Yahia Mgarrech,Autre contenu créatif,Octobre 2019, 
https://www.startupact.tn/img/tira-robots.png,"TIRA ROBOTS conçoit et fabrique des robots munis de 4, 5 et 6 axes destiné à un usage purement industriel

					            

							Site web: www.tirarobots.com","Wassim ben Hmida

Azza Attia",Robotique,Octobre 2019, 
https://www.startupact.tn/img/historiar.png,"HistorIAR s'appuie sur l'intelligence artificielle et la réalité augmentée pour proposer une application mobile de ""visites immersive augmentées"" aux visiteurs des sites archéologiques et patrimoniaux

					            

							Site web: http://histori-ar.com","Houda Bakir

Jihed Makni",Autre contenu créatif,Octobre 2019, 
https://www.startupact.tn/img/couscous-connexion.png,"Couscous-Connection est une plateforme qui réunit tous les produits des créateurs Tunisiens sur une seule adresse

					            

							Site web: www.couscous-connection.com","Edriss Kharroubi Essaied 

Rachid Kharroubi Essaied",E-commerce,Octobre 2019, 
https://www.startupact.tn/img/neoshop.png,"Neoshop est un site e-commerce de prêt-à-porter qui a pour vision de faire de la technologie son point fort permettant de faire la différence

					            

							Site web: www.neoshop.tn","Donia Fayach

Ahmed Nsiri",E-commerce,Octobre 2019, 
https://www.startupact.tn/img/swanina.png,"Swanina fournit une plateforme digitale qui garantie la traçabilité des produits agricoles de la ferme à l'assiette et développe des outils modernes de contrôle qualité

					            

							Site web: www.swanina.tn",Sana Hafsa,Agritech,Octobre 2019, 
https://www.startupact.tn/img/smartlogger.png,"SMART LOGGER a pour objectif de promouvoir des solutions IOT de monitoring connectés principalement au service du secteur de l’Agri-Tech, l'Industrie 4.0 et l’E-Santé

					            

							Site web: www.smartlogger.tn","Mohamed Taghouti

Mehdi Taghouti",iOT,Octobre 2019, 
https://www.startupact.tn/img/provenmed.png,"ProvenMed Devices a dévelopé un dispositif innovant destiné aux patients souffrant d'incontinence urinaire

					            

							Site web: www.provenmed.com","Souheil Guessoum

Amine Staali

Ahmed Boughaleb",Health Tech,Octobre 2019, 
https://www.startupact.tn/img/lightency.png,"Lightency développe une plateforme d'échange d'électricité entre particuliers, et rassemble toutes les parties prenantes du secteur sur la même plateforme afin de réduire les coûts

					            

							Site web: lightency.io","Jaafar Saied

Mohamed Mnif

Boubaker Selmi",Cryptocurrency & Blockchain,Octobre 2019, 
https://www.startupact.tn/img/cure.png,"CURE développe des prothèses bioniques personnalisables par impression 3D pour les amputés mais aussi une solution de rééducation physique par la réalité virtuelle

					            

							Site web: dhaouafimed.wixsite.com/curetunisie",Mohamed Dhaouafi,Health Tech,Octobre 2019, 
https://www.startupact.tn/img/RBK.png,"ReBootKamp offre une formation technologique aux standards internationaux qui répond aux demandes du marché, garantissant un emploi dans les secteurs les plus innovants

					            

							Site web: rbk.org","Lotfi Darragi

Hugh Bosely

Tarek Chehidi

Aymen Ben Hassine

Bilel Labidi",EdTech,Octobre 2019, 
https://www.startupact.tn/img/tledger.png,"Tledger offre aux institutions financières et non financières l'accès un réseau permettant d'effectuer des transactions financières en temps réel à travers des API et des wallets mobiles

					            

							Site web: www.tledger.tech","Hichem Ben Fadhl

Amine Ben Abderrahman",Cryptocurrency & Blockchain,Octobre 2019, 
https://www.startupact.tn/img/sala7li.png,"Sala7li est une plateforme de correction d'exercices scientifiques et de dissertations littéraires destinée aux étudiants

					            

							Site web: sala7li.tn","Mohamed Aymen Ben Hadj Mabrouk

Ines Dhaouadi",EdTech,Octobre 2019, 
https://www.startupact.tn/img/tuniboat.png,"TuniBoat est un site web de location de bateaux entre particuliers basé sur le modèle de l'économie collaborative. Cette plateforme communautaire permet de mettre en relation les propriétaires et les personnes qui souhaitent louer temporairement un bateau de plaisance

					            

							Site web: tuniboat.com",Ahmed Ayadi,E-commerce,Octobre 2019, 
https://www.startupact.tn/img/bebouncy.png,"Be bouncy est une plateforme internet qui regroupe la création de visuels, la gestion des réseaux sociaux et l’analyse des résultats","Ayoub Ben Younes

Sophie Alexandra Aiachi

Assad Ben Mrad",Marketing,Octobre 2019, 
https://www.startupact.tn/img/heznimaak.png,"Creatiview (Hezni Maak) est une application mobile de covoiturage par communauté permettant à des personnes appartenant à une même communauté de se déplacer tout en réduisant le coût du transport, en protégeant l’environnement contre la pollution et en résolvant le problème de stationnement.","Youssef Meksi

Nour Alaya",Plateforme sociale,Octobre 2019, 
https://www.startupact.tn/img/bonheure.png,"Bon’Heure est une plateforme intelligente permettant l’optimisation et la facilitation du quotidien des entreprises et de leurs collaborateurs.
En s’engageant pour un meilleur équilibre vie pro – vie perso et en soutenant la performance tant individuelle que collective, B’H est le partenaire et l’interlocuteur unique pour la vie en entreprise.
     

							Site web: www.b-heure.com","Nour Tekaya

Skander Gafsi",HR,Octobre 2019, 
https://www.startupact.tn/img/DRILLserv.png,"DrillSERV c'est une startup spécialisé en services de forage d'eau qui opère dans l'exploration et l'exploitation des eaux souterraines. Elle travaille aussi sur la valorisation des données collectés du terrain sur les nappes d'eaux dans la gestion durable des eaux souterraines par la développement d'une application mobile.
							

				Site web: http://www.drillserv-tunisia.com.tn","Ahmed Aouiti


				Hamza Essayeh",Agritech,Novembre 2019, 
https://www.startupact.tn/img/PROSUMERS.png,"PROSUMERS est une solution SAAS pour les études et les simulation des projets d'énergie renouvelables.
							

				Site web: http://www.prosumers.tn",Haytham Zouari,Cleantech,Novembre 2019, 
https://www.startupact.tn/img/SOLIXY.png,"Qui dit SOLIXY dit un magasin intelligent. Nous développons des solutions innovantes basées sur l'Intelligence Artificielle et destinées au secteur du retail.
							

				Site web: http://www.solixy.com","Haythem Khalifa


				Salem Khalifa


				Béchir Yahia",AI,Novembre 2019, 
https://www.startupact.tn/img/Educart.png,"EDUC’ART est spécialisée dans la fabrication des jeux de construction en 3D qui illustre le patrimoine avec un support éducatif en réalité augmentée.

							

				Site web: http://www.educart.tn",Henda 	Sahnoun,Autre contenu créatif,Novembre 2019, 
https://www.startupact.tn/img/AZA.png,"La coopérative des artisanes ""Mergoum"" lance sa marque : AZÄ (l'Homme Libre en langue berbère). AZÄ est le fruit d'un long processus qui abouti, enfin, vers une entreprise coopérative de droit international. Des produits naturels, un esprit de qualité et un commerce équitable ;voilà les principaux fondements de notre entreprise.
							

				Site web: http://www.maison-aza.com",Oussama Gmati,E-commerce,Novembre 2019, 
https://www.startupact.tn/img/SEEKMAKE.png,"SeekMake, produit d'ORBITECH, est une plateforme qui offre aux clients la possibilité de bénéficier des services des machines CNC . Ainsi les propriétaires des machines ont la possibilité de choisir et de concrétiser les commandes de nos clients par rapport a leurs faisabilités, le temps estimé et le positionnement géographique.
							

				Site web: www.seekmake.com",Adel Ayari,E-commerce,Novembre 2019, 
https://www.startupact.tn/img/Vakay.png,"La création et la fabrication des lunettes haut de gamme en bois et en autres matériaux.
							

				Site web: https://www.vakayeyewear.com","Adam Jabeur


				Soulaimen Ghorbel",Wearables,Novembre 2019, 
https://www.startupact.tn/img/BAITY.png,"Baity.tn est un Marketplace ou une plate-forme virtuelle de mise en relation directe entre fabricants et acheteurs de produits de meubles et décoration.
							

				Site web: https://baity.tn","Saber Gharsellaoui


				Emna Bejaoui",E-commerce,Novembre 2019, 
https://www.startupact.tn/img/ANAVID.png,"anavid propose des solutions technologiques basées sur l'AI d'analyse vidéo pour augmenter les performances économiques du retail physique.
							

				Site web: https://www.anavid.co","Ahmed Chaari


				David Nilsson",AI,Novembre 2019, 
https://www.startupact.tn/img/SAMMtest.png,"Fabrication de machines et de systèmes de tests sur mesures, réalisation de machines standard pour le test des cartes à LED pour le secteur automobile.
							

				Site web: http://www.samm-automation.com","Mohamed Anane


				Sofiene Grati


				Amor Megadmini


				Mahdi Kamoun",Robotique,Novembre 2019, 
https://www.startupact.tn/img/eatfit.png,"Eat & Fit est la première plateforme web et mobile offrant un programme de repas diététiques personnalisés, en fonction de votre unique métabolisme et objectif, livré chez vous quotidiennement. Que vous vouliez perdre du poids, prendre de la masse musculaire ou simplement manger plus sainement, notre Chef préparera tous vos plats, en collaboration avec notre nutritionniste qui vous accompagnera tout au long du programme
							

				Site web:",Skander Ben Sassi,Autre contenu créatif,Novembre 2019, 
https://www.startupact.tn/img/Minima.png,"Minima.ai Une plateforme d'Automatic Machine Learning (AutoMl) destinée aux PME qui n'ont pas les moyens pour investir dans l'AI.
							

				Site web:",Houssem Eddine M'rad,AI,Novembre 2019, 
https://www.startupact.tn/img/profils.png,"Profils.tn est une plateforme RH innovante qui remplace la lecture de CV traditionnel par une compréhension algorithmique via l’outil ‘Matching’. La plateforme permet de digitaliser le processus de recrutement et de booster la marque employeur
							

				Site web: http://www.profils.tn","Anis Maghar
				Imen Maghar",HR,Novembre 2019, 
,"Rhintos développe un nouveau jeu vidéo GODS DON'T FALL. Une nouvelle prise d'un jeu old school avec caméra top down.
							

				Site web:","Ayoub Ben Thabet


				Ahmed Chlagou


				Hishem Zarrad",Gaming,Novembre 2019, 
https://www.startupact.tn/img/goupstandup.png,"L'ultime application mobile qui va vous aider à être motivé & productif (Réveil & Liste de tâches) tout en gagnant de l'argent avec notre système de 'Gamification'.
							

				Site web: https://goupstandup2019.wixsite.com/startup","Hazem Guent


				Yassine Dimassi",Mobile,Novembre 2019, 
https://www.startupact.tn/img/ATHENA.png,"Onboard (produit de la Startup ATHENA iO) oeuvre à transformer les manuels de produits de leur état textuel, vers un format en 3D intelligent et immersif, offrant aux industriels un support client technique instantané et efficient.
							

				Site web: https://on-board.co","Safwen Bouali


				Cherif Redissi


				Amine Troudi",Logiciel,Novembre 2019, 